region,date,strat,type,median,mean,sd,lower_90,lower_50,lower_20,upper_20,upper_50,upper_90
Austria,2023-08-17,,estimate based on partial data,16350.4,16943.6,5647.5,9372.4,12755.6,15187.9,17666,19509.6,28369
Austria,2023-08-18,,estimate based on partial data,16235.3,16843.8,6070,8745.6,12674.5,15131.7,17303.9,19303.9,29254.9
Austria,2023-08-19,,estimate based on partial data,15565.4,16761.7,6915.4,7764,12384.9,14569.4,16967.1,19437.7,30804
Austria,2023-08-20,,forecast,15054.7,16784.1,8096.6,6744.1,11802.9,13874.6,16703.2,19919.6,33079.9
Austria,2023-08-21,,forecast,14833.1,16923.2,9567.9,5731,10986.2,13210.1,16739.6,20477.5,36241.1
Austria,2023-08-22,,forecast,14572,17173.3,11303.1,4961.8,10046.8,12547.5,16609.1,21171.7,39494.4
Austria,2023-08-23,,forecast,14149.8,17528.4,13294.8,4188.8,9274.4,11916.5,16446,21698,44119.1
Austria,2023-08-24,,forecast,13824.4,17980.5,15539.5,3533.9,8444.5,11379.4,16431,22164.8,48167.2
Austria,2023-08-25,,forecast,13303.2,18518.2,18024.4,2976.8,7624.6,10878.6,16352.9,22663,52347.3
Austria,2023-08-26,,forecast,12800.3,19125.2,20715.9,2533.7,6866.7,10331.1,16199.7,23152,58460.5
Austria,2023-08-27,,forecast,12423.5,19778.8,23548.9,2060.3,6263.2,9868.2,16094.3,23830,63928.5
Austria,2023-08-28,,forecast,11968.2,20448.9,26419.3,1713.3,5753.5,9328.8,15966.7,24212.9,67635.9
Austria,2023-08-29,,forecast,11455.8,21098.6,29183.6,1379.1,5232,8843,15877.2,24684.3,72611.5
Austria,2023-08-30,,forecast,11087.1,21685.1,31668.5,1143.5,4722,8340.5,15604.4,25122.6,78081.2
Austria,2023-08-31,,forecast,10552.1,22164.4,33694.3,949.8,4276.7,7855.4,15313.8,25046.8,82176.1
Austria,2023-09-01,,forecast,10194.1,22495.9,35107.8,793,3869.9,7414.6,15050.2,25192.1,85886.7
Belgium,2023-08-17,,estimate,4142.4,4514.3,1543.9,2678.9,3424.7,3831.4,4508.2,5266.1,7421.2
Belgium,2023-08-18,,estimate,4162.8,4527.1,1524.1,2654.8,3434,3834.3,4561.6,5325.6,7403.1
Belgium,2023-08-19,,estimate,4276.1,4611.5,1563.2,2667.3,3450.5,3928,4696.3,5523.8,7458.8
Belgium,2023-08-20,,estimate,4459.3,4792.5,1659.2,2622,3551,4100.9,4966.1,5877.3,7640.2
Belgium,2023-08-21,,estimate,4798.8,5103.6,1810.5,2680.2,3724.6,4372.3,5367,6231.4,8268.7
Belgium,2023-08-22,,estimate,5303.1,5591.5,2032.5,2897.8,4043.4,4765.3,5880.8,6838.1,9268.3
Belgium,2023-08-23,,estimate,5937.5,6329.1,2388.7,3303.4,4581.5,5330.2,6580.4,7695.7,10618
Belgium,2023-08-24,,estimate based on partial data,6824.7,7441.1,3054.2,3802.9,5295.8,6150.3,7578.7,8993.2,13141.3
Belgium,2023-08-25,,estimate based on partial data,8147.3,9148.7,4462.5,4197.5,6151.7,7348.7,9076.5,10935.4,17344.1
Belgium,2023-08-26,,estimate based on partial data,10058.9,11851.1,7632.9,4426.2,7156.9,8858.7,11384.1,14281.7,24820.1
Belgium,2023-08-27,,forecast,12377.5,15823.8,13939.4,4482.9,8032.9,10486,14460.2,18784.5,37437.5
Belgium,2023-08-28,,forecast,14949.7,21828.5,26277.9,4556.4,8883.9,12117.8,18137.1,25115.6,58225
Belgium,2023-08-29,,forecast,18184.7,31045.8,49789.7,4626.8,9670.4,14024.8,22996.4,33460.2,92355.6
Belgium,2023-08-30,,forecast,21861.3,45058.4,90990.3,4588.9,10487,16010.7,28860.1,45242.1,147295.4
Belgium,2023-08-31,,forecast,26381.2,65117.3,149619.4,4513.6,11276.9,18399.2,36271.1,60360.6,232991.8
Belgium,2023-09-01,,forecast,31232.7,90444.5,206358.5,4536.6,12158.5,20863.7,44604.6,80008,352396.1
Bulgaria,2023-08-17,,estimate,4152.6,4403.7,1401,2621.7,3419.7,3874.6,4478.5,5126.3,7001.3
Bulgaria,2023-08-18,,estimate,3759.4,4001.9,1258,2418.9,3143.3,3522.7,4043.8,4606.2,6216.3
Bulgaria,2023-08-19,,estimate,3400.3,3629.1,1176.5,2204.7,2809.6,3184.3,3646.8,4211.1,5686.5
Bulgaria,2023-08-20,,estimate,3083,3305,1143.1,1945.9,2495,2847.7,3353.3,3857,5340.9
Bulgaria,2023-08-21,,estimate,2805.4,3043.1,1135.9,1728.9,2258.5,2569.5,3077.6,3602.4,5141.4
Bulgaria,2023-08-22,,estimate,2610.5,2848.7,1133.7,1528.7,2066.3,2379.4,2869.7,3399.6,4877.6
Bulgaria,2023-08-23,,estimate,2481.6,2722.8,1127.4,1423,1964.5,2263.9,2728.4,3231.7,4744
Bulgaria,2023-08-24,,estimate,2420.8,2666.9,1121.1,1400,1920.7,2230.8,2656.4,3165.6,4562.8
Bulgaria,2023-08-25,,estimate based on partial data,2434.5,2688.5,1136.3,1455.9,1953.7,2236.6,2657.1,3167.7,4629.3
Bulgaria,2023-08-26,,estimate based on partial data,2526,2804,1224.7,1478.2,2022,2328.1,2763.7,3316.4,4881.8
Bulgaria,2023-08-27,,estimate based on partial data,2723.6,3043.3,1494.3,1393.1,2060.7,2442.6,3029.3,3643.9,5678.2
Bulgaria,2023-08-28,,forecast,2887.6,3374.3,2018.7,1281.2,2022.5,2504.5,3327.3,4080.7,7098.7
Bulgaria,2023-08-29,,forecast,3020.2,3830.1,2901.6,1146.3,1965.6,2529.4,3570.7,4685.9,9224
Bulgaria,2023-08-30,,forecast,3120.3,4456.7,4312.9,1020.7,1895.8,2546.4,3814.9,5467.4,12336.9
Bulgaria,2023-08-31,,forecast,3175.3,5319.2,6528.8,916.6,1823.2,2559.7,4108.1,6382,16745.1
Bulgaria,2023-09-01,,forecast,3232.2,6507.7,9963.3,808,1764,2525.7,4367.1,7402.1,22782.9
Croatia,2023-08-17,,estimate,2679.4,2867.8,927.3,1666.2,2236.3,2514.6,2879,3317.8,4722.2
Croatia,2023-08-18,,estimate,2507.3,2681.7,869,1577.3,2038.1,2328.9,2707.3,3132.2,4405.7
Croatia,2023-08-19,,estimate,2362,2558.8,891,1429.8,1881.1,2147.2,2617.8,3060.8,4281.1
Croatia,2023-08-20,,estimate,2299.7,2508.8,959.7,1326.1,1767.3,2030.2,2582.9,3064.1,4430.3
Croatia,2023-08-21,,estimate,2312.5,2544.7,1055,1268,1728.7,2025.3,2607.1,3177.4,4588.7
Croatia,2023-08-22,,estimate,2401.2,2685.1,1168.8,1297.9,1773.4,2130.3,2730.3,3356.1,4940.9
Croatia,2023-08-23,,estimate,2645.5,2960.4,1305.8,1456.6,1961.4,2336.5,2991,3672.2,5516.1
Croatia,2023-08-24,,estimate,3076.9,3424.6,1490.1,1732.6,2310.9,2739.1,3443.5,4174.8,6298.3
Croatia,2023-08-25,,estimate based on partial data,3755.1,4175.4,1792.8,2156.2,2908.2,3376.4,4140.3,5028.7,7604.2
Croatia,2023-08-26,,estimate based on partial data,4827.2,5391.2,2408,2667.4,3788.7,4419.6,5266.9,6332.5,9947.7
Croatia,2023-08-27,,estimate based on partial data,6539.4,7398.8,3813.1,3070.1,4853.1,5905.3,7261.4,9036,14898.4
Croatia,2023-08-28,,forecast,8809.2,10403.7,6598.1,3364.1,5839,7537.5,10167.8,13157.4,23009.8
Croatia,2023-08-29,,forecast,11687.1,14978,11863.4,3539.2,7024.2,9587.8,14192,19674.4,34221.1
Croatia,2023-08-30,,forecast,15393,21975.2,21463.3,3760,8117.4,12263,19624.6,29137.5,56812.4
Croatia,2023-08-31,,forecast,19966.5,32545.8,37863.4,3898.9,9337.5,15044.7,26652.1,43153.1,93821.8
Croatia,2023-09-01,,forecast,26081.4,47820.8,62220,4047,10794.3,18894,36218.9,63806.9,155171.8
Cyprus,2023-08-17,,estimate,9393.5,9956.8,3606.1,5100.2,7200.5,8413.1,10407.8,12126.8,16832
Cyprus,2023-08-18,,estimate,9704.7,10364.8,3954.7,5243.4,7319.8,8649.6,10709.7,12726.8,18236
Cyprus,2023-08-19,,estimate,10341.4,11118.8,4540.1,5494.1,7735,9187.5,11418.3,13695.4,19977.4
Cyprus,2023-08-20,,estimate,11352.4,12304.8,5349.7,5840.6,8491.1,9979,12574.5,15046.8,22312.4
Cyprus,2023-08-21,,estimate,12799.5,14053.1,6425.7,6590.5,9646.3,11238,14234.2,16976.7,26009.6
Cyprus,2023-08-22,,estimate,14818.9,16557.1,7891.6,7599.9,11267.3,13268,16380,19892.2,31171.2
Cyprus,2023-08-23,,estimate based on partial data,17641.9,20110.8,10049.1,9062.8,13402.8,15981.4,19797.6,24194.5,38216.2
Cyprus,2023-08-24,,estimate based on partial data,21884.7,25172.5,13598.6,10369.5,16028,19635.5,24571.9,30500,51051.3
Cyprus,2023-08-25,,estimate based on partial data,27877.9,32444.3,20038.4,11476.1,19415.9,24414.3,31665.7,39905.1,70967.8
Cyprus,2023-08-26,,forecast,33914.6,39092.5,24193.2,11880.9,22702.7,29474,38249.9,49832.5,86614.2
Cyprus,2023-08-27,,forecast,39309.5,44485.9,26310.9,12025.2,25440.3,34020.9,45053.9,57591.2,94862
Cyprus,2023-08-28,,forecast,43133.2,47462.4,26278.8,12091.5,28275.6,37128.2,50668.1,62027.1,98744.2
Cyprus,2023-08-29,,forecast,44576.1,47393.8,24473.4,11911.4,29683,39139.2,50573.2,62190.5,91969
Cyprus,2023-08-30,,forecast,42633,44460.9,21802.7,11548,28966.5,37401.8,48310.3,57630.6,83282.7
Cyprus,2023-08-31,,forecast,38384.2,39454.9,18764.5,10644.7,25959.7,33627.1,43007.1,51004.8,72501.5
Cyprus,2023-09-01,,forecast,32390.8,33412,15783.7,9153.8,21998.5,28248.9,36391.2,43624,60398.6
Czechia,2023-08-17,,estimate,1677.5,1779.1,584.5,1028.4,1362.2,1558.5,1806.7,2088.9,2938.5
Czechia,2023-08-18,,estimate,1597.8,1695.3,555,973.6,1299.9,1478.6,1715.4,1972.2,2743.8
Czechia,2023-08-19,,estimate,1526.4,1637.5,560.3,928.6,1248.1,1411.4,1658.4,1920.4,2686.9
Czechia,2023-08-20,,estimate,1493.3,1613.6,591,885.9,1199.8,1371.6,1638.3,1906.7,2716.2
Czechia,2023-08-21,,estimate,1502.6,1632.3,638.4,862.3,1170.6,1369,1649.9,1940,2817.6
Czechia,2023-08-22,,estimate,1555,1703.6,697.6,869.9,1204.3,1415.7,1729.7,2033.7,3033.2
Czechia,2023-08-23,,estimate,1675.6,1842.2,770.6,937.2,1288.2,1512.3,1864.3,2205.4,3308.7
Czechia,2023-08-24,,estimate,1875,2071.8,871.3,1070.1,1450.1,1699.5,2085.9,2476,3741.2
Czechia,2023-08-25,,estimate based on partial data,2208.2,2434.6,1040.1,1257,1710.7,2007.5,2428.9,2894,4364.6
Czechia,2023-08-26,,estimate based on partial data,2734.1,3006.8,1384.6,1415.7,2068.8,2442.4,3019.3,3614.4,5484.1
Czechia,2023-08-27,,estimate based on partial data,3451.1,3928.5,2167,1553.3,2440.6,3050.3,3909.9,4860.8,7903.8
Czechia,2023-08-28,,forecast,4352.7,5292.4,3747,1622.7,2831,3684.9,5002.4,6565.5,12745.5
Czechia,2023-08-29,,forecast,5291.4,7370.9,6857.4,1670.1,3246.1,4396.5,6494.2,8941.8,20551.9
Czechia,2023-08-30,,forecast,6470.3,10625.9,13010.6,1721.6,3665.2,5180,8334.6,12310.7,34187.1
Czechia,2023-08-31,,forecast,7948.9,15841.5,25212,1755.3,4122,6013.9,10698.5,17212.9,55486.8
Czechia,2023-09-01,,forecast,9789,24286.6,48635.6,1735.6,4585.8,7114.2,13807.4,23772.8,92157.9
Denmark,2023-08-17,,estimate,1668.2,1774.6,591.1,1056,1373.7,1552,1806.8,2046.8,2818.5
Denmark,2023-08-18,,estimate,1599,1701.9,562,1022.7,1320.5,1478.7,1726.6,1941,2677.8
Denmark,2023-08-19,,estimate,1525,1634.9,550.2,979,1267.2,1416.6,1662.9,1878.2,2570.3
Denmark,2023-08-20,,estimate,1478.9,1573.4,551.9,919.9,1197,1355.4,1595.9,1821.8,2522.1
Denmark,2023-08-21,,estimate,1422.7,1519.1,567.7,869.9,1136,1300.9,1543.9,1762.8,2478
Denmark,2023-08-22,,estimate based on partial data,1357.4,1474.5,603.4,794.4,1069.8,1238,1495.2,1730.1,2492.3
Denmark,2023-08-23,,estimate based on partial data,1313,1443.2,671.1,703,1009.7,1178.1,1443,1706.6,2581.9
Denmark,2023-08-24,,estimate based on partial data,1254.2,1429.1,787.4,620.2,941.5,1125.6,1400.7,1716.6,2769.5
Denmark,2023-08-25,,forecast,1203.6,1430.8,958.9,529.4,865.6,1059.7,1382.2,1738.3,2978.4
Denmark,2023-08-26,,forecast,1158.4,1449.5,1203.7,446.9,792.6,1007,1354.5,1750.3,3206.5
Denmark,2023-08-27,,forecast,1118.1,1487.4,1552.3,371.3,719.7,944.1,1337.8,1776.7,3568.9
Denmark,2023-08-28,,forecast,1072.6,1547.6,2050.7,311.3,646.7,891.3,1283.1,1812.1,4049.7
Denmark,2023-08-29,,forecast,1040.7,1634.4,2762.9,253.7,590,843.5,1263.5,1814.3,4581
Denmark,2023-08-30,,forecast,991.3,1753.5,3772.1,207.6,532,800.9,1229,1853.2,5085.7
Denmark,2023-08-31,,forecast,943.7,1911.5,5173.8,169,482.4,761.1,1191.5,1878.8,5712.1
Denmark,2023-09-01,,forecast,911.6,2115,7051.8,141.3,436.3,716.8,1172.6,1890.7,6320.1
Estonia,2023-08-17,,estimate,872.1,925,320.3,513.8,694.2,800.3,955.9,1095.8,1509.2
Estonia,2023-08-18,,estimate,825.9,872.9,300.6,487.8,655.1,756.2,903.4,1027,1421.3
Estonia,2023-08-19,,estimate,775.3,816.3,286,459.2,609.8,708.8,840,960.3,1331.2
Estonia,2023-08-20,,estimate,714.1,755.6,274.5,421.1,560.2,655.1,773.4,882.9,1268.2
Estonia,2023-08-21,,estimate,647.4,693.3,266.8,373.5,512,589.7,706.5,810.4,1198.7
Estonia,2023-08-22,,estimate,576.6,632.1,264.2,325.5,460.6,526.9,629.5,737.4,1134.3
Estonia,2023-08-23,,estimate,509.7,574.6,267.1,283.6,404.5,468.1,557.2,668.4,1104.4
Estonia,2023-08-24,,estimate,446.1,523.2,276,241.4,351.3,406.9,505.1,612,1049.3
Estonia,2023-08-25,,estimate based on partial data,392.1,479.6,292.3,197.1,299.9,354.5,448.4,560.9,1048
Estonia,2023-08-26,,estimate based on partial data,351.4,445.4,319.7,152,252.8,309.4,406.9,530.7,1048.2
Estonia,2023-08-27,,estimate based on partial data,315.9,421.8,366.2,112.6,210,268.7,369.9,511.8,1071.2
Estonia,2023-08-28,,forecast,281.8,407.7,440.1,81.1,176.7,233.3,342,485.5,1140.1
Estonia,2023-08-29,,forecast,250.7,403.3,564.9,58.8,144.5,204.2,314.3,465.6,1183.7
Estonia,2023-08-30,,forecast,226.8,409.8,784,42.4,119.8,176.6,288.5,446.6,1294.2
Estonia,2023-08-31,,forecast,203.5,429.7,1167.2,29.7,99.5,155.6,266.9,427.1,1347.4
Estonia,2023-09-01,,forecast,181.2,466.7,1804.1,20.6,82.1,135,240.7,413.2,1421.5
Finland,2023-08-17,,estimate,2393.3,2522.9,844.6,1319.4,1937,2223.9,2610.9,3064.8,4001.7
Finland,2023-08-18,,estimate,2514.8,2649.8,873.7,1420.4,2017.9,2329,2757,3207.8,4289
Finland,2023-08-19,,estimate,2654.1,2813.2,952,1519,2115.4,2468.4,2900.7,3391.3,4567.1
Finland,2023-08-20,,estimate,2839.8,3019.5,1090.7,1593.3,2228.8,2571.7,3090.9,3639.8,5070.3
Finland,2023-08-21,,estimate,3007.6,3277.7,1311.3,1654.4,2358.5,2725.3,3346.3,3943.3,5772
Finland,2023-08-22,,estimate,3236.9,3600.4,1648.3,1709,2493.4,2938.2,3597.7,4330,6808
Finland,2023-08-23,,estimate,3513.3,4007,2164,1727.9,2568.8,3172.4,3866.5,4792.8,8211.4
Finland,2023-08-24,,estimate,3791,4529.9,2982.9,1710.9,2668.1,3381,4262.6,5404.9,10050.2
Finland,2023-08-25,,estimate based on partial data,4083.2,5227.3,4359.6,1677.5,2744.4,3491.4,4720.4,6196.1,12143.7
Finland,2023-08-26,,estimate based on partial data,4440,6203,6826.7,1597.5,2826.3,3684.2,5280.9,7121.1,15600
Finland,2023-08-27,,estimate based on partial data,4753.4,7641.4,11530.7,1442.9,2841.6,3893.5,5793.4,8204.8,21175
Finland,2023-08-28,,forecast,5147.4,9697,19589.4,1301.6,2916,4137.3,6337.6,9471,28497.4
Finland,2023-08-29,,forecast,5527.6,12600.9,32131.8,1178.5,2947.1,4349.6,7022.5,10868.3,38940.3
Finland,2023-08-30,,forecast,5935.6,16454.4,48120.3,1056.5,2980.4,4617.6,7809.7,12612.2,53659.9
Finland,2023-08-31,,forecast,6438,21037.2,63842,923.2,3009.4,4841.2,8586.1,14631.1,71902.1
Finland,2023-09-01,,forecast,6871.6,25796.4,75532.8,784.2,2997.8,5049.6,9446.5,16690.5,96860.7
France,2023-08-17,,estimate based on partial data,161792.6,173250.7,62410.8,92532.4,130151.4,150161.5,175081.2,205026.3,289333.1
France,2023-08-18,,estimate based on partial data,160670.1,174283.8,67938,88941.1,126833.4,148771.2,175467.1,206218.7,305327.5
France,2023-08-19,,estimate based on partial data,159992.3,177651.9,79729.7,79396,122157.8,145001.6,178825.4,212431.4,334546.8
France,2023-08-20,,forecast,159273.8,182542.9,96831.7,70372.1,116438.7,139841.6,179704.9,223394.7,370528.2
France,2023-08-21,,forecast,157631.9,189259.6,119534.7,60526.7,110311.7,135890.8,181372.6,237057.4,420978.8
France,2023-08-22,,forecast,154338.4,197814.3,148551.7,53043.6,101476.2,132110.6,186654.9,249435.8,480404.6
France,2023-08-23,,forecast,152539,208162,184801.9,45477.5,92810.7,128213.4,191543.2,260568.6,556572
France,2023-08-24,,forecast,149895.4,220116,228248.7,38295.2,86013.9,124150.9,193183.6,274346.7,632023.3
France,2023-08-25,,forecast,147645.1,233240.5,276139.7,31649.9,78849,118668.5,192509.5,287265,715874.9
France,2023-08-26,,forecast,146123.5,246783.5,322451.6,26784.3,72597.1,114162.9,192550.8,301500.8,803870.2
France,2023-08-27,,forecast,143141.2,259751.9,361018.5,21946.4,66766.5,108647.5,191742.5,315059.5,860617.7
France,2023-08-28,,forecast,140530.5,271123,389707.7,18219.8,62257.9,103310.5,192311.7,324270.2,949692.1
France,2023-08-29,,forecast,137286.3,280012.7,409158.2,14657.8,56763.1,97363.2,191614.2,333023,1010086
France,2023-08-30,,forecast,133314,285725.3,418973.4,12135.9,51807.5,92392.4,189916.2,339933.5,1071623.5
France,2023-08-31,,forecast,128780.4,287812.7,418250.1,10318.6,46896,86781,188861.5,347807.1,1107134.2
France,2023-09-01,,forecast,124752.9,286166.4,407722.8,8761.6,42668.9,82129.7,184860.6,349960.2,1116748
Germany,2023-08-17,,estimate,25276.2,26174.9,7726.2,14869.8,20555.4,23403,27435.5,30909.4,40869.8
Germany,2023-08-18,,estimate based on partial data,24527.3,25568.1,8096.6,13754.6,19672.1,22660,26615.2,30440.5,40088.4
Germany,2023-08-19,,estimate based on partial data,23856.6,25091.1,9372.4,12431.5,18491.9,21691.7,26234.9,30360,41716.4
Germany,2023-08-20,,estimate based on partial data,22704.9,24923.4,11618.6,10399.8,16712.8,20558.7,25387.1,30903.3,45532.9
Germany,2023-08-21,,forecast,21859.2,25129.2,14710.2,8334.1,15256.4,19162.3,24966.4,31650.4,51960.1
Germany,2023-08-22,,forecast,20884.4,25724.2,18838.2,6483.3,14057.2,17862.2,24504.8,32513.7,58644.7
Germany,2023-08-23,,forecast,19891.7,26742.1,24462.3,5068.4,12529.2,16642.6,24204,33795.3,67323.5
Germany,2023-08-24,,forecast,18902.6,28240.5,32366.3,3986.4,11266.8,15399.3,23904.8,35034.1,79702.4
Germany,2023-08-25,,forecast,18291.3,30304,43746,3050.9,10044.1,14265.2,23562.4,36045.1,93144.8
Germany,2023-08-26,,forecast,17484.3,33045.2,60252.9,2372.3,9063.1,13325.8,23499,36898.9,110430.5
Germany,2023-08-27,,forecast,16924.1,36598.7,83831.2,1834.1,8106.2,12305.5,23440.3,38203.2,129101.3
Germany,2023-08-28,,forecast,16210.1,41098.4,116078.7,1398.6,7240.7,11551.3,23432,39812.8,150666
Germany,2023-08-29,,forecast,15449.8,46625.3,156855,1084.6,6462.7,10816.4,23197.8,40891.5,172922.8
Germany,2023-08-30,,forecast,14802.1,53130,202419.1,840.7,5811.2,9970,22916.8,42492,197272.9
Germany,2023-08-31,,forecast,14270.6,60376,244892,644.2,5228.8,9188.3,22552.8,44470.7,224961
Germany,2023-09-01,,forecast,13513.9,67999,275856.1,496.4,4709.2,8550.9,22323.2,45871,256729.2
Greece,2023-08-17,,estimate,41856.8,44532.8,15622.5,25990,33707.8,38792.8,45034,52005.7,72496
Greece,2023-08-18,,estimate,39325,42168.2,15216,24434.3,31650,36285.7,42525.7,48907.7,70457.5
Greece,2023-08-19,,estimate,37939.4,41143.5,15555.6,23380.9,30296.1,35120.7,41667.8,47733.7,69812.8
Greece,2023-08-20,,estimate,38231.2,41532.5,16401.2,22837.4,30261.9,35007.7,41752,48288.4,71592.4
Greece,2023-08-21,,estimate,39875.3,43523.8,17694.8,23375.3,31354.8,36474.1,43341.4,50767.1,75518.4
Greece,2023-08-22,,estimate,43368.1,47446.9,19497,25277.1,34393.9,39718.9,47282.8,55865.5,81865.5
Greece,2023-08-23,,estimate,48944.2,53823.1,21990,28899.3,39174.3,45329.2,54071.6,62841.6,92570.2
Greece,2023-08-24,,estimate,58025.3,63448.5,25558.2,34782.5,46466.4,53100.7,63613.1,74044.1,108133.6
Greece,2023-08-25,,estimate based on partial data,70878.2,77521.2,31005.3,43486.4,56841.2,65266.9,77426.5,90602.5,131803.3
Greece,2023-08-26,,estimate based on partial data,89189.7,97844.3,40027.7,53958.2,71373.8,82673.1,97379.4,113272.9,166688.5
Greece,2023-08-27,,estimate based on partial data,114357.4,127110.7,56021.6,65718.2,91671.1,105386.1,126766.7,149334.4,229671.3
Greece,2023-08-28,,forecast,144731.9,162283.5,77281.8,75964.8,111952.6,131065.1,161479.7,191897.1,309624.1
Greece,2023-08-29,,forecast,181126.9,203864.7,104777.4,85819.7,133025.8,161377.7,203025.9,246080.2,404602
Greece,2023-08-30,,forecast,222677.8,249813,136098.3,94973.6,156972.4,194347.2,251778.3,305471.9,493752.3
Greece,2023-08-31,,forecast,262972.2,295602.3,164920.1,102865.2,180398.7,230100,301169.3,369346.2,591933.1
Greece,2023-09-01,,forecast,302268.2,334490.5,182568.7,109731.9,202111,262352,344714.3,424822.1,675541.3
Hungary,2023-08-17,,estimate,684.2,731.3,259.4,406.7,531.1,620,752.5,889.3,1216.2
Hungary,2023-08-18,,estimate,657.3,714.9,260.7,393.2,517.7,602.5,728.3,861.2,1209.4
Hungary,2023-08-19,,estimate,650.3,708.5,275.7,380.9,504.6,585.9,718.7,854.5,1241.5
Hungary,2023-08-20,,estimate,647.6,714.3,299.1,363.6,493.6,585.4,718.8,874.4,1288
Hungary,2023-08-21,,estimate,662.1,735.2,327.2,350.4,491.7,593.2,741.4,903.6,1362.1
Hungary,2023-08-22,,estimate,696.6,774.8,358.6,349.1,511.6,619.7,791,953.5,1448.8
Hungary,2023-08-23,,estimate,752.4,838.4,395.1,376.1,549.3,667.5,856.8,1031.4,1585.4
Hungary,2023-08-24,,estimate,837.9,935,443.7,432.9,612.8,745.6,943,1140.9,1793.5
Hungary,2023-08-25,,estimate based on partial data,967.3,1079.8,522.5,498.2,714.9,865.1,1077.5,1298.6,2061.8
Hungary,2023-08-26,,estimate based on partial data,1158.2,1300.1,676.3,554.8,848.7,1032.3,1298.3,1540.4,2578.1
Hungary,2023-08-27,,estimate based on partial data,1421.5,1645.4,1014.5,597.2,991.6,1249.6,1609.6,1997.8,3411.1
Hungary,2023-08-28,,forecast,1703,2151.2,1714.2,623.6,1109.5,1459.2,2016.3,2646.9,4878.5
Hungary,2023-08-29,,forecast,2027.4,2917.1,3164.4,624.6,1227.4,1688.7,2552.2,3573.7,7630.4
Hungary,2023-08-30,,forecast,2429.4,4116.5,6242.1,628.3,1337.4,1922.1,3195.5,4856.8,12573.7
Hungary,2023-08-31,,forecast,2898.3,6055.1,12836.3,631.6,1448.9,2191.2,3971.5,6446.2,20854.1
Hungary,2023-09-01,,forecast,3416.6,9254.6,26334.1,637.5,1558.9,2491.3,4980.1,8665.6,33656
Iceland,2023-08-17,,estimate,266.5,284.2,100.6,154.2,210.7,242.8,291.8,337.9,468
Iceland,2023-08-18,,estimate,270.7,290.7,107.6,152.6,211.7,247.7,296.3,345.2,494.9
Iceland,2023-08-19,,estimate,279.6,303.5,118.9,152.4,219.3,254.9,309.1,359.6,536
Iceland,2023-08-20,,estimate,294.8,323.5,133.3,159.4,230.6,267.6,325.2,390.5,590.9
Iceland,2023-08-21,,estimate,315.7,352.1,151.1,174.5,248.2,287,349.2,420,647.9
Iceland,2023-08-22,,estimate,348.8,391,173.2,192,274.1,319,386.4,463.8,719.2
Iceland,2023-08-23,,estimate,391.7,443.3,202.3,217,308.5,360.5,432.4,524.9,835.9
Iceland,2023-08-24,,estimate,450.6,513.3,244.1,242.2,350.4,411.4,503.5,607.2,977.9
Iceland,2023-08-25,,estimate based on partial data,531.2,608,310.5,269.5,404.9,480.1,587.2,728.7,1182
Iceland,2023-08-26,,estimate based on partial data,637.6,738.9,425.9,294.4,457.9,560.3,713,882.3,1531.8
Iceland,2023-08-27,,estimate based on partial data,757.7,925.5,642.3,311.6,521.9,653.6,872.5,1110.6,2098.4
Iceland,2023-08-28,,forecast,891,1178.6,1027.7,323.8,585.4,751.4,1047.6,1432.6,2926.6
Iceland,2023-08-29,,forecast,1032.6,1526.9,1723.5,325,637.6,871.9,1272.1,1828.8,4107.9
Iceland,2023-08-30,,forecast,1185.2,1999.2,2866.4,322.2,706.5,987.5,1509.3,2312,5723
Iceland,2023-08-31,,forecast,1398.9,2600.9,4214.1,320.2,776.6,1119.2,1800.7,2933.8,7911.1
Iceland,2023-09-01,,forecast,1627.1,3293,5297.1,321.5,846.4,1254,2164.7,3657,10468.5
Ireland,2023-08-17,,estimate,4200.7,4366.3,1302.1,2670.2,3415.2,3914.9,4454.1,5015,6695
Ireland,2023-08-18,,estimate,4057.4,4203.3,1295.2,2540.5,3273.6,3755.1,4325.4,4836.7,6496.7
Ireland,2023-08-19,,estimate,4006.7,4181.3,1349.6,2435.1,3212.4,3711.8,4309.1,4851.6,6629.5
Ireland,2023-08-20,,estimate,4136.2,4326,1459.9,2426.9,3307,3790.1,4430.7,5084.7,6957.6
Ireland,2023-08-21,,estimate,4439,4682.7,1635.1,2594.9,3546.9,4076.3,4760.4,5501,7695.3
Ireland,2023-08-22,,estimate,4995.7,5326.2,1896.2,2937.3,4017,4611.6,5391,6250.3,8806.5
Ireland,2023-08-23,,estimate,5969.7,6379.5,2286.2,3560,4794.4,5504.4,6462.5,7471.3,10511.2
Ireland,2023-08-24,,estimate,7545.8,8045.4,2895.1,4556.4,5974.4,6939.8,8177.3,9327,13227.9
Ireland,2023-08-25,,estimate based on partial data,9972.1,10661.7,3918.5,5969.2,7911,9209.4,10774.1,12328.6,18050.4
Ireland,2023-08-26,,estimate based on partial data,13693.8,14796.8,5800.7,7873.7,10876.9,12551,14807.3,17144.5,25893
Ireland,2023-08-27,,estimate based on partial data,19375.1,21409.4,9557.9,10333.9,15088.8,17526.3,21293.9,25567.3,38959.2
Ireland,2023-08-28,,forecast,27410,31047.5,16361.6,12788.3,20558.7,24334.1,30698.1,37890.1,59957.1
Ireland,2023-08-29,,forecast,38441,45067,28483,15798.7,27780.7,34038.3,44264.7,55886.9,92729.9
Ireland,2023-08-30,,forecast,53610.7,64961.6,48273.1,18810.1,36369.4,46287.8,62743,80950.5,145047.8
Ireland,2023-08-31,,forecast,74309.4,91699.3,74170.7,22506,47524.7,62478.3,88050.4,113804.6,212708.7
Ireland,2023-09-01,,forecast,99543.3,124473.8,98534.6,26645.5,61048.8,82894.7,119691.4,159110.7,301519.5
Italy,2023-08-17,,estimate,179489.5,192823.7,71305,107834.7,144448.4,165832.7,194327.2,221497.2,326841.1
Italy,2023-08-18,,estimate,172758.1,186841,68691.8,103973.2,138986.7,159934.4,188178.1,216966.2,317388.2
Italy,2023-08-19,,estimate,164504.1,179383.8,66885.8,100019.8,132141.1,151054.5,179602.7,209067.2,316250.6
Italy,2023-08-20,,estimate,153178.5,169977.3,64695.7,93285,124367.7,141524.1,168844.8,200637.4,302978.3
Italy,2023-08-21,,estimate,142314.5,158521.2,61466.8,86132.8,114254.2,130691.3,157675.3,189566,283617.6
Italy,2023-08-22,,estimate,130577,145324.1,57292.9,78033.5,104071.4,119084.5,144674.5,173372.3,260787.4
Italy,2023-08-23,,estimate,118288.9,131064.3,52998.2,68664.5,92513.5,107300.6,131454.7,157222,236374.3
Italy,2023-08-24,,estimate,105123.1,116660.4,49757.9,59243.9,81640.7,94591.5,117116.7,141092.1,210744.5
Italy,2023-08-25,,estimate based on partial data,91379.8,103082.3,48628.1,49152.4,69501.6,81696.6,102106,123748.4,198109.9
Italy,2023-08-26,,estimate based on partial data,78778.1,91161,50381.5,38855.3,58166.2,69371,88006.4,109382.5,187981.5
Italy,2023-08-27,,estimate based on partial data,67095.8,81453.5,55829.3,28311.8,47596.6,58214.5,75868.7,97852.1,181011
Italy,2023-08-28,,forecast,56982.2,73991.6,64487.8,20506.5,38512.8,49017.4,66732,89010,175025.2
Italy,2023-08-29,,forecast,48586.5,68426,77242.3,14471.5,31103.8,41297.4,58395.5,81016.8,174928.9
Italy,2023-08-30,,forecast,41671.2,64449.6,95067.2,9833.5,24833.2,34247.9,51348.4,74325.7,174384.9
Italy,2023-08-31,,forecast,36238.4,61817.6,118519.9,6694.7,19562.5,28573,45283.4,68343.9,168973.7
Italy,2023-09-01,,forecast,31440.9,60279.4,147071.4,4502.8,15551.8,24091.9,39385.7,62383.7,166628.1
Latvia,2023-08-17,,estimate,476.5,509.7,182.8,282.5,391.5,442.5,512.5,588,856.9
Latvia,2023-08-18,,estimate,455.5,485,167.1,273.8,375.6,426.2,487.8,558,808.6
Latvia,2023-08-19,,estimate,433.1,462.9,156.1,268.4,361.3,404.6,465.4,532.1,761.1
Latvia,2023-08-20,,estimate,417.8,443.5,150,258.5,344.2,389,446.6,509.7,734.7
Latvia,2023-08-21,,estimate,402,427.1,149,243.2,324.1,372.2,433.5,492.1,718.3
Latvia,2023-08-22,,estimate,385.8,413.9,152.6,227.9,309.9,355.2,421.9,479.6,702.3
Latvia,2023-08-23,,estimate,375.5,404.2,161.3,214,294.6,342.2,407.8,475.4,710.5
Latvia,2023-08-24,,estimate,360.9,398.5,176.7,195.8,279.8,328.8,397.6,476.9,727.4
Latvia,2023-08-25,,estimate based on partial data,351.6,398.1,203.3,177.9,264.4,320.6,386.2,479.5,770.1
Latvia,2023-08-26,,estimate based on partial data,342.9,404.7,248.2,155,249,310.2,384.6,487.5,875.4
Latvia,2023-08-27,,estimate based on partial data,336.4,420.7,321.7,133.1,234.1,298.2,383.9,498,1026.3
Latvia,2023-08-28,,forecast,327.1,445.6,428.1,118.8,217.9,286.9,384.1,514.9,1204.6
Latvia,2023-08-29,,forecast,320.2,481.6,580.2,101.6,201,272,380.6,529.9,1479.8
Latvia,2023-08-30,,forecast,310.9,531.6,797.6,85.1,185.6,259.6,383.6,542.1,1777.2
Latvia,2023-08-31,,forecast,299.1,600,1109.8,71.8,171.5,250.6,389.4,559.3,2080
Latvia,2023-09-01,,forecast,290.5,692.4,1558.5,59.7,157.1,238.2,389.4,586.4,2542.2
Lithuania,2023-08-17,,estimate,1820.1,1897,527.3,1162.7,1533.1,1714,1931.9,2146.2,2878.4
Lithuania,2023-08-18,,estimate,1714.5,1779.6,479.8,1120.8,1441.4,1605,1813.8,2028.6,2665
Lithuania,2023-08-19,,estimate,1609.1,1674.8,453.7,1067.9,1359.1,1502.2,1713.4,1908.9,2533.8
Lithuania,2023-08-20,,estimate,1513.3,1583.2,440.9,1018.8,1277.7,1411.9,1619.9,1808.2,2436
Lithuania,2023-08-21,,estimate,1431.1,1506.1,436.9,943.3,1204.9,1338.2,1533.3,1710.2,2349.6
Lithuania,2023-08-22,,estimate,1363.6,1444.6,439.6,883.8,1140.5,1276.8,1457.9,1637.1,2316.7
Lithuania,2023-08-23,,estimate,1311.5,1399.5,449.2,842.9,1094.4,1224.3,1400,1595.7,2291
Lithuania,2023-08-24,,estimate,1270.8,1371.3,468.2,821.3,1049.3,1178,1368.3,1574.2,2301.4
Lithuania,2023-08-25,,estimate based on partial data,1243.7,1360.9,502.2,796.5,1016.3,1151.7,1348,1563.6,2346.2
Lithuania,2023-08-26,,estimate based on partial data,1230.9,1369.7,560.9,744.2,988.4,1130,1344,1604.9,2470.7
Lithuania,2023-08-27,,estimate based on partial data,1231.5,1399.6,659.6,694.3,958.3,1113.9,1368.1,1657.5,2652.7
Lithuania,2023-08-28,,forecast,1226,1441.4,801.6,631.8,919.4,1104.1,1390,1728.4,2951.6
Lithuania,2023-08-29,,forecast,1234.4,1497.6,1000.1,571.3,886.6,1083.9,1409.7,1780.7,3433.2
Lithuania,2023-08-30,,forecast,1231.5,1571.2,1278,522.4,850.3,1052.8,1423.6,1875,3899.6
Lithuania,2023-08-31,,forecast,1217.3,1665.9,1675.2,473.8,813.4,1034.9,1431.7,1937.2,4507.4
Lithuania,2023-09-01,,forecast,1208.4,1786.7,2259.3,421.3,781.4,1015.5,1445.7,2015,5151.3
Luxembourg,2023-08-17,,estimate,637.8,678,219.3,396.6,521.5,595.1,686.5,782.8,1116.2
Luxembourg,2023-08-18,,estimate,637.2,677.3,218.9,397.6,523.7,591.5,683.6,783,1092.7
Luxembourg,2023-08-19,,estimate,649.7,691.8,230.3,395.9,532.8,603.4,700.6,800,1128.2
Luxembourg,2023-08-20,,estimate,675.8,723.9,250.3,405.1,551.6,623.6,736.1,844.2,1205.9
Luxembourg,2023-08-21,,estimate,721,777.4,277.7,427.8,587.9,666.1,785.8,909.3,1316.3
Luxembourg,2023-08-22,,estimate,789.7,857.7,313.5,466.2,644.2,731.6,860,1000.5,1457.4
Luxembourg,2023-08-23,,estimate,891.4,972.5,361,531.2,732.1,825.1,967.8,1131.1,1667.1
Luxembourg,2023-08-24,,estimate,1041.4,1133,428.3,628.3,844.7,967.7,1126.8,1311.5,1959.5
Luxembourg,2023-08-25,,estimate based on partial data,1247.9,1356.1,535,743.5,1001.3,1157.7,1362,1571.4,2381.2
Luxembourg,2023-08-26,,estimate based on partial data,1530.3,1667.4,724.2,868.9,1194,1401,1678,1944.2,2993.8
Luxembourg,2023-08-27,,estimate based on partial data,1906.2,2105.9,1079.7,984.5,1454.7,1714.5,2114.5,2505,3936.7
Luxembourg,2023-08-28,,forecast,2387.7,2672.7,1647.6,1055.9,1704.2,2089.5,2673.7,3213.4,5291.3
Luxembourg,2023-08-29,,forecast,2954.8,3406.4,2488.3,1122.6,2011.4,2557.3,3348.4,4098.3,7312.6
Luxembourg,2023-08-30,,forecast,3607.7,4340.6,3596.5,1163.5,2331.6,3071.8,4185.2,5312.9,9771
Luxembourg,2023-08-31,,forecast,4342,5495.7,4895.3,1219.2,2662.7,3697.9,5203.2,6713.8,13356.7
Luxembourg,2023-09-01,,forecast,5318,6864.8,6326.6,1264.4,3041.3,4345.1,6400.5,8465.8,17675
Malta,2023-08-17,,estimate,1391.8,1526.4,596.2,821.2,1117.2,1282.8,1531.2,1807.6,2682.7
Malta,2023-08-18,,estimate,1495.5,1641.2,653.7,864.9,1191.6,1371.9,1654.1,1933.8,2887.4
Malta,2023-08-19,,estimate,1620.6,1789.8,735.3,922.1,1284.6,1478.2,1792.6,2113.1,3185.1
Malta,2023-08-20,,estimate,1785,1978.5,839,1001.9,1404.9,1619.5,1970.2,2343.2,3519.4
Malta,2023-08-21,,estimate,1993.9,2215.2,966.3,1107.3,1556.9,1789.2,2199.7,2627.5,4033
Malta,2023-08-22,,estimate,2249.8,2509.7,1121.5,1242.6,1746,2028.7,2499.1,3000.4,4663.9
Malta,2023-08-23,,estimate,2573,2874.5,1314,1405.8,1982.6,2317.1,2851.1,3423,5361.4
Malta,2023-08-24,,estimate based on partial data,2953,3327.2,1565.3,1569.3,2302.9,2675.7,3285.8,3984.6,6300.3
Malta,2023-08-25,,estimate based on partial data,3433.2,3894.9,1923.1,1760.2,2619.7,3103,3825.1,4682.1,7490.2
Malta,2023-08-26,,estimate based on partial data,3996.9,4617.6,2475,1962.5,3021.2,3572.3,4528.8,5544.8,9152.2
Malta,2023-08-27,,forecast,4553.4,5397.3,3127.8,2062.7,3371.5,4096.6,5245.8,6567.9,11244.5
Malta,2023-08-28,,forecast,5202.6,6238.2,3897.2,2186.7,3762.1,4570.2,5964.8,7600.2,13880.1
Malta,2023-08-29,,forecast,5850.4,7093.8,4717.4,2267.2,4073.4,5102.5,6735.8,8703.6,16165.4
Malta,2023-08-30,,forecast,6470.1,7892.5,5475.3,2313.9,4382.7,5606.1,7559,9562.3,17928
Malta,2023-08-31,,forecast,7091.3,8545,6025.7,2336,4601.8,5999.9,8207.2,10484.9,19440.5
Malta,2023-09-01,,forecast,7514.9,8964.9,6225.9,2353.6,4821.8,6357.9,8725.3,11292.2,20778.8
Netherlands,2023-08-17,,estimate,2146.2,2266.7,693.4,1367.4,1785.1,1993.1,2326.2,2615.7,3566.3
Netherlands,2023-08-18,,estimate,1983.4,2104,657.2,1275.8,1648.2,1844.6,2134.1,2442.9,3349.8
Netherlands,2023-08-19,,estimate,1845.2,1976.3,654.5,1184.2,1522.7,1726.2,1985.5,2304.6,3182.2
Netherlands,2023-08-20,,estimate,1733,1884.8,669.1,1108.1,1442,1624.1,1883.5,2205.5,3077.4
Netherlands,2023-08-21,,estimate,1677.4,1831.9,691,1039,1380.5,1554.9,1821.5,2130.8,3016.8
Netherlands,2023-08-22,,estimate,1667.1,1821.4,715,1008.2,1358.4,1537.8,1804,2107.8,3108.9
Netherlands,2023-08-23,,estimate,1698.8,1858.2,740,1011.9,1384.9,1565.2,1854.5,2164.8,3202.9
Netherlands,2023-08-24,,estimate,1781,1950.2,770.5,1080.1,1443.9,1657.1,1948,2254.4,3319.2
Netherlands,2023-08-25,,estimate based on partial data,1945.4,2110.3,822.7,1177.1,1556.5,1795.6,2122.5,2466.3,3582.7
Netherlands,2023-08-26,,estimate based on partial data,2161.9,2359.9,938.5,1302.3,1696.5,1990,2387.3,2774.6,4156
Netherlands,2023-08-27,,estimate based on partial data,2497.3,2731.6,1209.1,1346.3,1879.6,2226,2774.2,3249.8,5071
Netherlands,2023-08-28,,forecast,2831.1,3211.4,1720.4,1351.5,2060.9,2528.9,3211.8,3846.8,6490.3
Netherlands,2023-08-29,,forecast,3205.5,3839.1,2594.1,1321.9,2212.7,2789.1,3695.4,4598.7,8557.4
Netherlands,2023-08-30,,forecast,3633,4671.2,4034.5,1292.5,2338,3078.9,4257.8,5527.3,11453.2
Netherlands,2023-08-31,,forecast,4117.2,5789.2,6391,1251.6,2461.9,3390.1,4912.5,6767.8,15088.9
Netherlands,2023-09-01,,forecast,4608.1,7311.3,10246.8,1236.7,2607.9,3737.4,5646.6,8194.1,21044.9
Norway,2023-08-17,,estimate,2173.7,2318,738.1,1363.6,1792.6,2008.4,2374.7,2680.1,3760.2
Norway,2023-08-18,,estimate,2032.4,2184.3,718.9,1297.3,1677.1,1876.9,2214.1,2539.5,3519.1
Norway,2023-08-19,,estimate,1943.4,2094.9,738.9,1208.6,1581.4,1782.4,2102.8,2443.9,3457.6
Norway,2023-08-20,,estimate,1887,2054.4,781.3,1147,1503.4,1730.3,2044.1,2404.6,3453.2
Norway,2023-08-21,,estimate,1894.1,2069.5,836.7,1117.3,1484.4,1741.2,2054.1,2405.3,3639.8
Norway,2023-08-22,,estimate,1968.5,2149.5,901.5,1141.7,1530.9,1790.4,2141.2,2504.1,3879.2
Norway,2023-08-23,,estimate,2096.9,2307.8,977.9,1235.8,1648.1,1900.6,2298.6,2677.9,4158.3
Norway,2023-08-24,,estimate,2319.7,2566,1077.6,1406.9,1838.3,2117.5,2526.4,2980.4,4575.8
Norway,2023-08-25,,estimate based on partial data,2662.8,2959,1235,1661.6,2127.2,2446.6,2892.3,3436.9,5229.9
Norway,2023-08-26,,estimate based on partial data,3160.2,3544.7,1537.4,1927.1,2543.8,2911.7,3459.1,4093.8,6422
Norway,2023-08-27,,estimate based on partial data,3887.2,4417,2176.1,2076.6,3022.7,3540,4289.1,5194.6,8398.9
Norway,2023-08-28,,forecast,4797.3,5596.8,3343.2,2202.4,3488.1,4273.9,5444,6678.7,11295.5
Norway,2023-08-29,,forecast,5869,7218.1,5368.5,2275.6,3962.3,5083.2,6795.3,8737.8,16274.6
Norway,2023-08-30,,forecast,7164.9,9471.8,8799.9,2319.5,4466.3,5919.5,8483.1,11376,23444.1
Norway,2023-08-31,,forecast,8602,12627.6,14510.3,2390.6,4972,6943.8,10599.2,15004.8,35041.4
Norway,2023-09-01,,forecast,10404.3,17037.2,23671.3,2401.2,5499,8227.2,13242.2,19390.1,51209.3
Poland,2023-08-17,,estimate,2474.7,2624.2,854.3,1524.5,2014.2,2306,2676.1,3081.8,4217.5
Poland,2023-08-18,,estimate,2358,2504.4,815.4,1462.2,1919.6,2188.2,2546.8,2946,4056
Poland,2023-08-19,,estimate,2232.3,2397.3,802,1388.2,1836.7,2072.1,2451.3,2814.9,3875.7
Poland,2023-08-20,,estimate,2144.4,2305.5,805.9,1302.5,1740,1973.2,2335,2704.4,3807.6
Poland,2023-08-21,,estimate,2067.1,2232.6,822,1229.3,1666.8,1896.6,2243.4,2632.4,3774.6
Poland,2023-08-22,,estimate,2010.4,2182.2,847.4,1164,1593.6,1843.1,2175.5,2593.4,3780.8
Poland,2023-08-23,,estimate,1968.4,2158.1,884.1,1124.2,1548.6,1788.8,2161.5,2564.8,3875.6
Poland,2023-08-24,,estimate,1950.4,2164.5,942.2,1119.9,1531.3,1768,2142.7,2549.9,3972.4
Poland,2023-08-25,,estimate based on partial data,1941.5,2208.3,1044.2,1099,1538.7,1772.6,2165.2,2592.4,4143.5
Poland,2023-08-26,,estimate based on partial data,2012,2300.9,1234.4,1064.3,1533.8,1821.4,2228.3,2727.8,4460.9
Poland,2023-08-27,,estimate based on partial data,2068.2,2460,1599.7,980.5,1526.6,1851.4,2356.4,2920.4,4980
Poland,2023-08-28,,forecast,2147.1,2680.3,2234.6,897.1,1479.8,1875.3,2459.6,3169.5,6093.3
Poland,2023-08-29,,forecast,2197.6,2986,3318.7,823.8,1444.6,1901,2552.8,3438.3,7395.2
Poland,2023-08-30,,forecast,2258.7,3415.1,5175.3,732.6,1405.9,1916.5,2681.9,3728.3,9431.2
Poland,2023-08-31,,forecast,2281.3,4028,8384.9,650.8,1374.9,1895.5,2803.9,4005.4,11675.1
Poland,2023-09-01,,forecast,2330.8,4921.6,13989.8,585.1,1348.6,1879.7,2937.3,4373.7,14707.6
Portugal,2023-08-17,,estimate,22931.2,24792.7,8861.3,14273.7,19120.2,21533.2,24839.1,28271.8,40324
Portugal,2023-08-18,,estimate,22900.5,24862.9,9148,14349.9,18806.5,21529,24725.7,28395,41425
Portugal,2023-08-19,,estimate,23496.7,25417.9,9595.9,14653.6,19059.6,21751.1,25342.8,29185.4,42920.3
Portugal,2023-08-20,,estimate,24496,26515.6,10157.1,15272.4,19773.6,22577.7,26435.7,30501.5,44368
Portugal,2023-08-21,,estimate,26003.9,28238.5,10826.9,16272.4,21063.8,24067.1,28109.7,32385.4,46681.7
Portugal,2023-08-22,,estimate,28478.9,30695.3,11627.5,17752.4,22941.4,26398.6,30586.3,35417.7,50577.5
Portugal,2023-08-23,,estimate,31686,34024.3,12619.6,19801.1,25629.2,29274.1,34171.8,39448.4,56020.5
Portugal,2023-08-24,,estimate based on partial data,35991.4,38402.5,13947.2,22021.3,28922.5,33319.5,38727.5,44517.5,62778.3
Portugal,2023-08-25,,estimate based on partial data,41329.3,44053.7,15905.9,24720.7,33022.1,38145.6,44859,50755,71921
Portugal,2023-08-26,,estimate based on partial data,48076.6,51246.6,18993.3,27724.2,38204.9,44057.2,51968,59663.7,87314.3
Portugal,2023-08-27,,forecast,55042.7,59279.8,23006.3,30857.8,43743.2,50686.2,59554.7,70121.1,102329.1
Portugal,2023-08-28,,forecast,62874.5,68310.3,28213.8,33864.4,49416.9,57551.2,68477.1,80555.4,120925.9
Portugal,2023-08-29,,forecast,71491.7,78292.5,34678,36666.9,55121.8,65494.7,79070,92914.7,144743.8
Portugal,2023-08-30,,forecast,80912.6,89082.8,42307.2,38967,60332,73454.6,89606.5,106511.2,172302.1
Portugal,2023-08-31,,forecast,90833.8,100404.4,50777.6,41133.9,66435.1,81785.9,100181,120755.6,199824.9
Portugal,2023-09-01,,forecast,99854.9,111822.4,59468.1,42193.4,72208.7,90874.9,111032.3,135089.8,225193.5
Romania,2023-08-17,,estimate,10080.1,10804.7,3453.8,6624.3,8508,9455.7,10906.8,12301.3,17247.8
Romania,2023-08-18,,estimate,9013.5,9619.2,3171.1,5978.4,7464.5,8342.7,9663.8,10983.7,15597.4
Romania,2023-08-19,,estimate,8036.1,8714,3063.2,5331.9,6674,7452.4,8686.8,9942.4,14231.6
Romania,2023-08-20,,estimate,7409.8,8143.4,3104.4,4848.8,6103.4,6853.7,8020.1,9328.9,13749.5
Romania,2023-08-21,,estimate,7177.2,7966.4,3275.3,4627.6,5865.2,6614.5,7771.5,9139.7,13900.1
Romania,2023-08-22,,estimate,7352.4,8262.1,3563.1,4745.4,6006.6,6817.1,8004,9447.4,14738.6
Romania,2023-08-23,,estimate,8154.6,9169.3,3979.7,5270.2,6671.9,7569.6,8894.7,10464.6,16308.4
Romania,2023-08-24,,estimate,9797.5,10950.3,4589.3,6345.4,8096.7,9125.6,10683,12456.4,18953.1
Romania,2023-08-25,,estimate based on partial data,12811.6,14097.6,5588,8296.4,10664.3,11869.4,13831.2,15886.7,23767.3
Romania,2023-08-26,,estimate based on partial data,17818.4,19519.8,7545.6,11390.9,14865.5,16619.4,19279.6,22111.4,32468.3
Romania,2023-08-27,,estimate based on partial data,26466.8,28856.2,11942.3,15572.2,21321.9,24453.6,28702.1,33241.7,50002.8
Romania,2023-08-28,,forecast,39823.9,43101.3,20583.8,19666.9,30267.7,35724.1,43358.6,50555.4,78269.6
Romania,2023-08-29,,forecast,59561.5,64965,36712.2,23266.6,42216.9,52457.7,65326.6,79067.6,123801.1
Romania,2023-08-30,,forecast,87942.7,98471,65421.9,27391.3,57846,77110,99199.4,120757.6,203206.5
Romania,2023-08-31,,forecast,129570.8,149287.5,113467.2,31101.4,79795,110893.9,149307.9,184741.1,332116.7
Romania,2023-09-01,,forecast,189197.5,224441.9,186365.5,35494.7,110046.6,158970.4,222292.5,284750.8,525863.1
Slovakia,2023-08-17,,estimate,499.1,517.7,158.7,291.8,403.8,462.2,540.2,612.6,801.6
Slovakia,2023-08-18,,estimate,484.2,499.3,152,287.8,392.2,448.8,518.3,583.7,761.3
Slovakia,2023-08-19,,estimate,466.5,482.3,149.4,279.4,376.1,433.3,500.6,558.8,738.2
Slovakia,2023-08-20,,estimate,446.7,466.8,149.6,270.6,362.1,415.5,480.6,541.1,727.5
Slovakia,2023-08-21,,estimate,429.1,453.4,153.4,258.7,344,399.7,462.5,527,739.9
Slovakia,2023-08-22,,estimate,417.3,443,162,244.2,327.8,381.6,448.4,519.8,745.7
Slovakia,2023-08-23,,estimate,402.3,436.6,177.6,227.6,311.9,367.3,437.7,522.2,758.5
Slovakia,2023-08-24,,estimate based on partial data,393.2,435.2,204.2,206.6,295.5,356.3,433.2,524.8,799.2
Slovakia,2023-08-25,,estimate based on partial data,387.8,440.4,247.6,181.2,281.3,346.7,431.9,525.5,853.1
Slovakia,2023-08-26,,estimate based on partial data,380.5,454.3,317,153.2,268.7,340.6,431.4,540.1,956.2
Slovakia,2023-08-27,,forecast,375.3,476.1,418.8,128.7,252.5,326.2,431,552.1,1100.7
Slovakia,2023-08-28,,forecast,370.4,507.7,567.5,108.8,235.8,316.7,432,571.5,1284.6
Slovakia,2023-08-29,,forecast,363.1,552.1,787,94.4,221.9,306.5,432.3,590.1,1482.8
Slovakia,2023-08-30,,forecast,359.5,613.3,1116.8,82,205.9,295.8,440.4,613.2,1727.8
Slovakia,2023-08-31,,forecast,351.9,697.6,1622.8,67.5,192.1,284.5,439.9,641,2030.8
Slovakia,2023-09-01,,forecast,345.2,814,2415.9,56,177.5,276.3,442.5,669.1,2443.6
Slovenia,2023-08-17,,estimate,517.8,552.2,188.4,317.4,420,479.8,562.5,651.5,901.8
Slovenia,2023-08-18,,estimate,495.2,529,179.7,303.9,404.1,458.5,540.3,621.4,857.7
Slovenia,2023-08-19,,estimate,475.7,508.6,177.3,283.9,390.2,438.1,517.9,591.8,828.8
Slovenia,2023-08-20,,estimate,458.2,491.8,179.6,265,371.4,420.7,498.7,577.4,807.7
Slovenia,2023-08-21,,estimate,442,479.6,185.7,252.2,354.4,402.4,489.9,573.2,815.6
Slovenia,2023-08-22,,estimate,431.5,472.6,195.4,238.1,337.9,391.3,477.1,564.6,843.1
Slovenia,2023-08-23,,estimate,424,471.9,209.3,227.2,328.9,385.8,473.4,565.2,857.4
Slovenia,2023-08-24,,estimate,425.6,478.6,230.1,224.6,325.7,384.2,471.2,569.5,904.9
Slovenia,2023-08-25,,estimate based on partial data,433.1,494.5,263.4,226.9,323.6,386,484.3,585.8,972.1
Slovenia,2023-08-26,,estimate based on partial data,445,523.1,321.9,218.9,324.7,394.9,502.3,620.3,1082
Slovenia,2023-08-27,,estimate based on partial data,462.4,570.6,435.4,200.8,322.1,401.7,532.7,691.1,1244.2
Slovenia,2023-08-28,,forecast,477,638.1,643.9,184.7,318.7,408.3,565.4,774.4,1464.6
Slovenia,2023-08-29,,forecast,490.5,735.6,1022.1,165.1,307.1,406.5,593.8,863.4,1839.2
Slovenia,2023-08-30,,forecast,503.9,879.3,1704.8,147,300.1,413.6,629,949,2376.9
Slovenia,2023-08-31,,forecast,522,1095,2926.4,130.3,285.9,415.5,655.8,1042.3,3133.9
Slovenia,2023-09-01,,forecast,536.5,1421.5,5048.5,117.7,273.2,415.1,689.4,1156.3,4143.3
Sweden,2023-08-17,,estimate,4689.9,4824.5,971.8,3584.1,4135.7,4480.3,4900.7,5297.1,6501.2
Sweden,2023-08-18,,estimate,3897.6,4083.2,862.1,3071.3,3494.2,3748.3,4086.4,4464.1,5664.9
Sweden,2023-08-19,,estimate,3264.2,3505.1,839.5,2581.5,2927.5,3116,3455.1,3906.2,5091.5
Sweden,2023-08-20,,estimate,2785,3085.7,852.2,2198,2501.6,2669.6,2958,3491.8,4862.5
Sweden,2023-08-21,,estimate,2504.3,2815.9,871.5,1940.4,2230.3,2385,2658.8,3165.4,4774.1
Sweden,2023-08-22,,estimate,2381.7,2686.5,880,1810.2,2098.8,2259.4,2521.2,2987,4597.3
Sweden,2023-08-23,,estimate,2415.7,2695.4,868.9,1833.4,2125,2281.5,2561.7,2960,4587.5
Sweden,2023-08-24,,estimate,2610.8,2854.2,845.9,1969.1,2288.3,2465.7,2787.9,3137.8,4710.7
Sweden,2023-08-25,,estimate based on partial data,3001.8,3195.6,855,2224.3,2626.1,2845.4,3191.8,3545.2,4788.5
Sweden,2023-08-26,,estimate based on partial data,3621.3,3780,1004.3,2548.8,3091.2,3388.2,3838.7,4232.5,5498.8
Sweden,2023-08-27,,estimate based on partial data,4504.2,4703,1461.4,2793.5,3722.8,4204.9,4854.6,5373.8,7269.1
Sweden,2023-08-28,,forecast,5664.3,5926.9,2281.3,2878,4420.8,5133.5,6133.1,7002.8,10149
Sweden,2023-08-29,,forecast,7095.2,7557.1,3576.4,2870.5,5075.6,6303.8,7788.5,9171.2,14431.2
Sweden,2023-08-30,,forecast,8840.2,9735.8,5551.3,2860.7,5879.8,7746.2,9849.5,12107.2,20721.1
Sweden,2023-08-31,,forecast,10967,12656.1,8529.8,2803.9,6810.9,9448.2,12554.9,16025.2,29656
Sweden,2023-09-01,,forecast,13645.2,16576.8,12991,2765.2,7807.4,11507,16004.4,21289.7,42609.9
